{
    "definitions":{
        "node":{
            "type":"object",
            "required":[
                "name"
            ],
            "properties":{
                "name":{
                    "type":"string"
                },
                "ip":{
                    "type":"string"
                },
                "sizingClass":{
                    "type":"string"
                },
                "storageProfile":{
                    "type":"string"
                },
                "cpu":{
                    "type": "integer",
                    "description": "Number of CPU"
                },
                "memory": {
                    "type": "integer",
                    "description": "Memory in Mb"
                }
            },
            "additionalProperties":true
        },
        "distribution":{
            "type":"object",
            "required":[
                "templateName",
                "templateRevision"
            ],
            "properties":{
                "templateName":{
                    "type":"string"
                },
                "templateRevision":{
                    "type":"integer"
                }
            },
            "additionalProperties":true
        }
    },
    "type":"object",
    "required":[
        "kind",
        "spec",
        "metadata",
        "apiVersion"
    ],
    "properties":{
        "kind":{
            "enum":[
                "native",
                "TanzuKubernetesCluster",
                "TKG+",
                "TKGm"
            ],
            "type":"string",
            "description":"The kind of the Kubernetes cluster."
        },
        "spec":{
            "type":"object",
            "description":"The user specification of the desired state of the cluster.",
            "required":[
                "settings"
            ],
            "properties":{
                "topology":{
                    "type":"object",
                    "description":"Topology of the kubernetes cluster",
                    "required":[
                        "controlPlane"
                    ],
                    "properties":{
                        "controlPlane":{
                            "type":"object",
                            "description":"The desired control-plane state of the cluster. The properties \"sizingClass\" and \"storageProfile\" can be specified only during the cluster creation phase. These properties will no longer be modifiable in further update operations like \"resize\" and \"upgrade\".\n ",
                            "required":[
                                "count"
                            ],
                            "properties":{
                                "count":{
                                    "type":"integer",
                                    "description":"Single control plane node is supported; More than single control plane node is not yet supported.",
                                    "maximum":1,
                                    "minimum":1
                                },
                                "sizingClass":{
                                    "type":"string",
                                    "description":"The compute sizing policy with which control-plane node needs to be provisioned in a given \"ovdc\". The specified sizing policy is expected to be pre-published to the given ovdc."
                                },
                                "storageProfile":{
                                    "type":"string",
                                    "description":"The storage-profile with which control-plane needs to be provisioned in a given \"ovdc\". The specified storage-profile is expected to be available on the given ovdc."
                                },
                                "cpu": {
                                    "type": "integer",
                                    "description": "Number of CPU"
                                },
                                "memory": {
                                    "type": "integer",
                                    "description": "Memory in Mb"
                                }
                            },
                            "additionalProperties":true
                        },
                        "workers":{
                            "type":"object",
                            "description":"The desired worker state of the cluster. The properties \"sizingClass\" and \"storageProfile\" can be specified only during the cluster creation phase. These properties will no longer be modifiable in further update operations like \"resize\" and \"upgrade\". Non uniform worker nodes in the clusters is not yet supported.",
                            "required":[
                                "count"
                            ],
                            "properties":{
                                "count":{
                                    "type":"integer",
                                    "description":"Worker nodes can be scaled up and down.",
                                    "maximum":200,
                                    "minimum":0
                                },
                                "sizingClass":{
                                    "type":"string",
                                    "description":"The compute sizing policy with which worker nodes need to be provisioned in a given \"ovdc\". The specified sizing policy is expected to be pre-published to the given ovdc."
                                },
                                "storageProfile":{
                                    "type":"string",
                                    "description":"The storage-profile with which worker nodes need to be provisioned in a given \"ovdc\". The specified storage-profile is expected to be available on the given ovdc."
                                },
                                "cpu": {
                                    "type": "integer",
                                    "description": "Number of CPU"
                                },
                                "memory": {
                                    "type": "integer",
                                    "description": "Memory in Mb"
                                }
                            },
                            "additionalProperties":true
                        },
                        "nfs":{
                            "type":"object",
                            "description":"The desired nfs state of the cluster. The properties \"sizingClass\" and \"storageProfile\" can be specified only during the cluster creation phase. These properties will no longer be modifiable in further update operations like \"resize\" and \"upgrade\".",
                            "required":[
                                "count"
                            ],
                            "properties":{
                                "count":{
                                    "type":"integer",
                                    "description":"Nfs nodes can only be scaled-up; they cannot be scaled-down.",
                                    "maximum":200,
                                    "minimum":0
                                },
                                "sizingClass":{
                                    "type":"string",
                                    "description":"The compute sizing policy with which nfs node needs to be provisioned in a given \"ovdc\". The specified sizing policy is expected to be pre-published to the given ovdc."
                                },
                                "storageProfile":{
                                    "type":"string",
                                    "description":"The storage-profile with which nfs needs to be provisioned in a given \"ovdc\". The specified storage-profile is expected to be available on the given ovdc."
                                }
                            },
                            "additionalProperties":true
                        }
                    }
                },
                "settings":{
                    "type":"object",
                    "required":[
                        "ovdcNetwork"
                    ],
                    "properties":{
                        "ovdcNetwork":{
                            "type":"string",
                            "description":"Name of the Organization's virtual data center network"
                        },
                        "sshKey":{
                            "type":"string",
                            "description":"The ssh key that users can use to log into the node VMs without explicitly providing passwords."
                        },
                        "rollbackOnFailure":{
                            "type":"boolean",
                            "description":"On any cluster operation failure, if the value is set to true, affected node VMs will be automatically deleted."
                        },
                        "network": {
                            "type": "object",
                            "description": "The network-related settings for the cluster.",
                            "properties": {
                                "cni": {
                                    "type": "object",
                                    "description": "The CNI to use.",
                                    "properties": {
                                        "name": {
                                            "type": "string"
                                        }
                                    }
                                },
                                "pods": {
                                    "type": "object",
                                    "description": "The network settings for Kubernetes pods.",
                                    "properties": {
                                        "cidrBlocks": {
                                            "type": "array",
                                            "description": "Specifies a range of IP addresses to use for Kubernetes pods.",
                                            "items": {
                                                "type": "string"
                                            }
                                        }
                                    }
                                },
                                "services": {
                                    "type": "object",
                                    "description": "The network settings for Kubernetes services",
                                    "properties": {
                                        "cidrBlocks": {
                                            "type": "array",
                                            "description": "The range of IP addresses to use for Kubernetes services",
                                            "items": {
                                                "type": "string"
                                            }
                                        }
                                    }
                                },
                                "expose": {
                                    "type":"boolean",
                                    "description":"Exposes a cluster beyond routed Organization VDC network scope."
                                }
                            }
                        }
                    },
                    "additionalProperties":true
                },
                "distribution":{
                    "$ref":"#/definitions/distribution"
                }
            },
            "additionalProperties":true
        },
        "status":{
            "type":"object",
            "x-vcloud-restricted" : "protected",
            "description":"The current status of the cluster.",
            "required":[
                "nodes",
                "uid"
            ],
            "properties":{
                "phase":{
                    "type":"string"
                },
                "kubernetes":{
                    "type":"string"
                },
                "cni":{
                    "type":"string"
                },
                "os":{
                    "type":"string"
                },
                "dockerVersion":{
                    "type":"string"
                },
                "external_ip": {
                    "type": "string",
                    "description": "External IP of the cluster if it is exposed."
                },
                "nodes":{
                    "type":"object",
                    "required":[
                        "controlPlane"
                    ],
                    "properties":{
                        "controlPlane":{
                            "$ref":"#/definitions/node"
                        },
                        "workers":{
                            "type":"array",
                            "items":{
                                "$ref":"#/definitions/node"
                            },
                            "default":[

                            ]
                        },
                        "nfs":{
                            "type":"array",
                            "items":{
                                "$ref":"#/definitions/node"
                            },
                            "default":[

                            ]
                        }
                    },
                    "additionalProperties":true
                },
                "uid":{
                    "type":"string",
                    "description":"unique ID of the cluster"
                },
                "cloudProperties":{
                    "type":"object",
                    "description":"The details specific to Cloud Director in which the cluster is hosted.",
                    "properties":{
                        "orgName":{
                            "type":"string",
                            "description":"The name of the Organization in which cluster needs to be created or managed."
                        },
                        "virtualDataCenterName":{
                            "type":"string",
                            "description":"The name of the Organization Virtual data center in which the cluster need to be created or managed."
                        },
                        "ovdcNetworkName":{
                            "type":"string",
                            "description":"The name of the Organization Virtual data center network to which cluster is connected."
                        },
                        "distribution":{
                            "$ref":"#/definitions/distribution"
                        },
                        "sshKey":{
                            "type":"string",
                            "description":"The ssh key that users can use to log into the node VMs without explicitly providing passwords."
                        },
                        "rollbackOnFailure":{
                            "type":"boolean",
                            "description":"On any cluster operation failure, if the value is set to true, affected node VMs will be automatically deleted."
                        },
                        "site":{
                            "type":"string",
                            "description":"Fully Qualified Domain Name of the VCD site in which the cluster is deployed"
                        },
                        "exposed": {
                            "type":"boolean",
                            "description":"Set to True, if a cluster is exposed beyond routed Organization VDC network scope."
                        }
                    },
                    "additionalProperties":true
                },
                "private": {
                    "type": "object",
                    "x-vcloud-restricted" : "private",
                    "description": "Placeholder for the properties invisible to non-admin users.",
                    "properties": {
                        "kubeConfig": {
                            "type": "string",
                            "description": "Admin kube config to access the Kubernetes cluster."
                        },
                        "kubeToken": {
                            "type": "string",
                            "description": "Kube token to join the nodes to the Kubernetes cluster."
                        },
                        "certificates": {
                            "type": "array",
                            "description": "Kubernetes certificates.",
                            "items": {
                                "type": "string"
                            }
                        }
                    }
                },
                "persistentVolumes": {
                    "type": "array",
                    "description": "VCD references to the list of persistent volumes.",
                    "items": {
                        "type": "string"
                    }
                },
                "virtualIPs": {
                    "type": "array",
                    "description": "Array of virtual IPs consumed by the cluster.",
                    "items": {
                        "type": "string"
                    }
                }
            },
            "additionalProperties":true
        },
        "metadata":{
            "type":"object",
            "required":[
                "orgName",
                "virtualDataCenterName",
                "name",
                "site"
            ],
            "properties":{
                "orgName":{
                    "type":"string",
                    "description":"The name of the Organization in which cluster needs to be created or managed."
                },
                "virtualDataCenterName":{
                    "type":"string",
                    "description":"The name of the Organization Virtual data center in which the cluster need to be created or managed."
                },
                "name":{
                    "type":"string",
                    "description":"The name of the cluster."
                },
                "site":{
                    "type":"string",
                    "description":"Fully Qualified Domain Name of the VCD site in which the cluster is deployed"
                }
            },
            "additionalProperties":true
        },
        "apiVersion":{
            "type":"string",
            "default":"cse.vmware.com/v2.0",
            "description":"The version of the payload format"
        }
    },
    "additionalProperties":true
}

