{
  "definitions": {
      "node": {
          "type": "object",
          "required": ["name"],
          "properties": {
              "name": {"type": "string"},
              "ip": {"type": "string"},
              "sizing_class": {"type": "string"}
          },
          "additionalproperties": true
      }
  },
  "type": "object",
  "required": [
      "kind",
      "spec",
      "metadata"
  ],
  "properties": {
      "kind": {
          "enum": [
              "native",
              "TanzuKubernetesCluster",
              "TKG+"
          ],
          "type": "string",
          "description": "The kind of the Kubernetes cluster."
      },
      "spec": {
          "type": "object",
          "description": "The user specification of the desired state of the cluster.",
          "required": [
              "settings"
          ],
          "properties": {
              "workers": {
                  "type": "object",
                  "description":"The desired worker state of the cluster. The properties \"sizing_class\" and \"storage_profile\" can be specified only during the cluster creation phase. These properties will no longer be modifiable in further update operations like \"resize\" and \"upgrade\". Non uniform worker nodes in the clusters is not yet supported.",
                  "required": [
                      "count"
                  ],
                  "properties": {
                      "count": {
                          "type": "integer",
                          "description":"Worker nodes can be scaled up and down.",
                          "maximum": 100,
                          "minimum": 0
                      },
                      "sizing_class": {
                          "type": "string",
                          "description":"The compute sizing policy with which worker nodes need to be provisioned in a given \"ovdc\". The specified sizing policy is expected to be pre-published to the given ovdc."
                      },
                      "storage_profile": {
                          "type": "string",
                          "description":"The storage-profile with which worker nodes need to be provisioned in a given \"ovdc\". The specified storage-profile is expected to be available on the given ovdc."
                      }
                  }
              },
              "control_plane": {
                  "type": "object",
                  "description":"The desired control-plane state of the cluster. The properties \"sizing_class\" and \"storage_profile\" can be specified only during the cluster creation phase. These properties will no longer be modifiable in further update operations like \"resize\" and \"upgrade\".\n ",
                  "required": [
                      "count"
                  ],
                  "properties": {
                      "count": {
                          "type": "integer",
                          "description":"Single control plane node is supported; More than single control plane node is not yet supported.",
                          "maximum": 1,
                          "minimum": 1
                      },
                      "sizing_class": {
                          "type": "string",
                          "description":"The compute sizing policy with which control-plane node needs to be provisioned in a given \"ovdc\". The specified sizing policy is expected to be pre-published to the given ovdc."
                      },
                      "storage_profile": {
                          "type": "string",
                          "description":"The storage-profile with which control-plane needs to be provisioned in a given \"ovdc\". The specified storage-profile is expected to be available on the given ovdc."
                      }
                  }
              },
              "nfs": {
                  "type": "object",
                  "description":"The desired nfs state of the cluster. The properties \"sizing_class\" and \"storage_profile\" can be specified only during the cluster creation phase. These properties will no longer be modifiable in further update operations like \"resize\" and \"upgrade\".",
                  "required": [
                      "count"
                  ],
                  "properties": {
                      "count": {
                          "type": "integer",
                          "description":"Nfs nodes can only be scaled-up; they cannot be scaled-down.",
                          "maximum": 100,
                          "minimum": 0
                      },
                      "sizing_class": {
                          "type": "string",
                          "description":"The compute sizing policy with which nfs node needs to be provisioned in a given \"ovdc\". The specified sizing policy is expected to be pre-published to the given ovdc."
                      },
                      "storage_profile": {
                          "type": "string",
                          "description":"The storage-profile with which nfs needs to be provisioned in a given \"ovdc\". The specified storage-profile is expected to be available on the given ovdc."
                      }
                  }
              },
              "settings": {
                  "type": "object",
                  "required": [
                      "network"
                  ],
                  "properties": {
                      "network": {
                          "type": "string",
                          "description":"Name of the Organization's virtual data center network"
                      },
                      "ssh_key": {
                          "type": "string",
                          "description":"The ssh key that users can use to log into the node VMs without explicitly providing passwords."
                      },
                      "rollback_on_failure": {
                          "type": "boolean",
                          "description":"On any cluster operation failure, if the value is set to true, affected node VMs will be automatically deleted."
                      }
                  }
              },
              "k8_distribution": {
                  "type": "object",
                  "required": [
                      "template_name",
                      "template_revision"
                  ],
                  "properties": {
                      "template_name": {
                          "type": "string"
                      },
                      "template_revision": {
                          "type": "integer"
                      }
                  }
              }
          }
      },
      "status": {
          "type": "object",
          "description":"The current status of the cluster.",
          "required": [
              "nodes"
          ],
          "properties": {
              "phase": {
                  "type": "string"
              },
              "kubernetes": {
                  "type": "string"
              },
              "cni": {
                  "type": "string"
              },
              "os": {
                  "type": "string"
              },
              "docker_version": {
                  "type": "string"
              },
              "nodes": {
                  "type": "object",
                  "required": ["control_plane"],
                  "properties": {
                      "control_plane": {
                          "$ref": "#/definitions/node"
                      },
                      "workers": {
                          "type": "array",
                          "items": {"$ref": "#/definitions/node"},
                          "default": []
                      },
                      "nfs": {
                          "type": "array",
                          "items": {"$ref": "#/definitions/node"},
                          "default": []
                      }
                  }
          },
          "additionalproperties": true
      },
      "metadata": {
          "type": "object",
          "required": [
              "org_name",
              "ovdc_name",
              "cluster_name"
          ],
          "properties": {
              "org_name": {
                  "type": "string",
                  "description":"The name of the Organization in which cluster needs to be created or managed."
              },
              "ovdc_name": {
                  "type": "string",
                  "description":"The name of the Organization Virtual data center in which the cluster need to be created or managed."
              },
              "cluster_name": {
                  "type": "string",
                  "description":"The name of the cluster."
              }
          }
      },
      "apiversion": {
          "type": "string",
          "description":"Yet to be defined."
      }
  },
  "additionalproperties": false
}
}